id;first_name;second_name;email;phone_number
1;Chelsey;generating Market wireless;Lora.Morissette@gmail.com;Rustic SQL index
2;Leopoldo;Music Principal Sahara;Kassandra_Huel4@yahoo.com;Tennessee Chile Extended
3;Ollie;mobile Direct Villages;Werner23@hotmail.com;copying Handcrafted Ergonomic
4;Aryanna;Spurs Specialist;Demetris_Haag83@gmail.com;Handmade violet
5;August;Small Renminbi plum;Maxine_Gislason61@hotmail.com;Chair Directives
6;Grace;quantifying Games;Jannie_Miller55@hotmail.com;Court Loan Rustic
7;Derick;bypass Hat Berkshire;Kevon.Donnelly77@gmail.com;connect
8;Alexandria;Horizontal generating Cliff;Zella39@hotmail.com;Rubber Centralized technologies
9;Emery;maroon;Allene.Koch81@hotmail.com;Virtual channels invoice
10;Llewellyn;connecting;Colt90@yahoo.com;intuitive black Small
